{
    "loss": 0.49520963430404663,
    "accuracy": 0.9068877696990967
}