{
    "loss": 1.5923436880111694,
    "accuracy": 0.9681122303009033
}