{
    "loss": 12.773621559143066,
    "accuracy": 0.3118622303009033
}