{
    "loss": 7.012944221496582,
    "accuracy": 0.7423469424247742
}