{
    "loss": 3.5531585216522217,
    "accuracy": 0.7519132494926453
}